sample_id,text,true_label,malayalam_density,llama33_pred,llama4_pred,gemma_pred,qwen3_pred,mistral_pred,gemini_pred
1,ഇട്ടിമാണി lalettan  pwolikkum...... കർത്താവേ മിന്നിച്ചേക്കണേ..........,Positive,0.49230769230769234,Positive,Positive,INVALID,INVALID,INVALID,INVALID
2,ടോവിനോ ഇച്ചായൻ ഫാൻസിന്റെ എല്ലാവിധ ആശംസകളും ഇട്ടിമാണിക്ക് നേരുന്നു,Positive,1.0,Positive,Positive,INVALID,Mixed_feelings,INVALID,INVALID
3,"Kumbalanga,thannimathan,velirika,vazhuthanaga,muringika....etc athum kazhinju kanjiyum payarum pinne nannum,kappayum mulakum....malaya cinemayil eni perukal theernu thudangi...appo nammal porichu podichu thinnua papadathina pollum verutha vidathila,ennthoke anaakilum,eniku vineeth sreenivasannte film eshtamanu,ethra pothiya pazhaya super stars undakilum...",Positive,0.0,Mixed_feelings,Negative,INVALID,INVALID,INVALID,INVALID
4,ഗാനഗന്ധർവ്വൻ ദാസേട്ടന്റെ ശബ്‌ദ മാധുര്യം കിടിലൻ...... ഈ പ്രായത്തിലും ഇങ്ങനെ പാടാൻ ആരുണ്ട് ഇന്ത്യ യിൽ.,Positive,0.9101123595505618,Positive,Positive,INVALID,Mixed_feelings,INVALID,INVALID
5,Oru pidiyum kittunilalo rajuettaaa ingal pandee mass filimsinta aaalaaaa,Positive,0.0,Positive,Negative,INVALID,Mixed_feelings,INVALID,INVALID
6,am a lalettan fan... but lalettane arum pokendaa... director prithviannuu,Positive,0.0,Mixed_feelings,Negative,INVALID,INVALID,INVALID,INVALID
7,Entta ponnu laletta.... Parayan vakkukal illa  Mass ka bapp,Positive,0.0,Positive,Positive,INVALID,INVALID,INVALID,INVALID
8,സൂപ്പർ song... ദാസേട്ടൻ & മമ്മൂക്ക കോമ്പിനേഷൻ super,Positive,0.7111111111111111,Positive,Positive,INVALID,INVALID,INVALID,INVALID
9,Yentha perfection maargam kaliku... Athangu kalakki ...,Positive,0.0,Positive,Negative,INVALID,INVALID,INVALID,INVALID
10,Eee പടം adhar ayirikum enthoke suspense ഒളിഞ്ഞു irikunu,Positive,0.20833333333333334,Positive,Positive,INVALID,Mixed_feelings,INVALID,INVALID
11,എത്ര വട്ടം കണ്ടു. Big brother ന്റെ ടീസർ കണ്ട് ക്ഷീണം മാറ്റാൻ വീണ്ടും.,Positive,0.7966101694915254,Positive,Positive,INVALID,Mixed_feelings,INVALID,INVALID
12,ധര്മജന്റെ ആ ഡയലോഗ് (അച്ചന്മാർക്ക് എനർജി കിട്ടിയാൽ കുഴപ്പമാ )തീയേറ്ററിൽ ഉണ്ടാക്കാൻ പോകുന്ന ഓളം ഊഹിക്കാൻ കഴിയുന്നില്ല,Positive,0.9805825242718447,Positive,Positive,INVALID,INVALID,INVALID,INVALID
13,ബോളീവുഡ് നിലവാരത്തിൽ നല്ല ഒതുക്കമുള്ള ട്രൈലർ. ലാഗിങ്ങ് ഒരിക്കലും ഈ സിനിമയിൽ ഉണ്ടാവില്ല. എല്ലാ സീനുകളും  മികച്ച പെർഫെക്ഷനോട് കൂടെ ഒതുക്കത്തോടെ  ആയിരിക്കും.  സിനിമ സൂപ്പർ ഹിറ്റ്  ആയിരിയ്ക്കും.   നഗറ്റീവ് പറയുന്നവർ  ട്രൈലറിൽ  നിന്ന്  എന്താണ്  പ്രതീക്ഷിക്കുന്നത്.  ഞാൻ  ഒരു മമ്മൂട്ടി ഫാൻ ആണ് ..,Positive,0.9715447154471545,Positive,Positive,INVALID,INVALID,INVALID,INVALID
14,Mammukka ithil polikm enu oru katta ettan fan,Positive,0.0,Positive,Positive,INVALID,INVALID,INVALID,INVALID
15,Ithada mass ..!!! Enta laletta ummmmaaaa...!!! 🥰🥰,Positive,0.0,Positive,Positive,INVALID,INVALID,INVALID,INVALID
16,ഇതാണ് മക്കളെ വെര ലെവല്‍ പടം,Positive,0.9565217391304348,Positive,Positive,INVALID,Mixed_feelings,INVALID,INVALID
17,Lalettan etra bhangiyaya dance cheytat. Kurachu koode dance scenes venam aarunnu. Pettannu teernna pole..,Positive,0.0,Mixed_feelings,Positive,INVALID,Mixed_feelings,INVALID,INVALID
18,Mammoookkaaaa polichadukkiii katta waiting nv 21,Positive,0.0,Positive,Positive,INVALID,INVALID,INVALID,INVALID
19,Innu 8 thavana repeat adich kandu baki nale,Positive,0.0,Positive,Negative,INVALID,INVALID,INVALID,INVALID
20,ഹെഡ് ഫോണില്‍ കേട്ടാല്‍  ഒരു തവണ കേട്ട്  നിര്‍ത്താന്‍ പറ്റില്ല  ഈസോങ്ങ്,Positive,0.9322033898305084,Positive,Positive,INVALID,Mixed_feelings,INVALID,INVALID
21,മവനെ കൊല ഗാണ്ടിലിരുക്കെ.. കൊല്ലാമേ വിടമാട്ടെ  ഒരു മെഗാസ്റ്റാർ അഴിഞ്ഞാട്ടം ..    Boss is BACK,Positive,0.8181818181818182,Positive,Positive,INVALID,INVALID,INVALID,INVALID
22,ithu polikkum  rajuvetta tnx alot,Positive,0.0,Positive,Positive,INVALID,INVALID,INVALID,INVALID
23,BGM     Ikka pwolikk.....,Positive,0.0,Negative,Positive,INVALID,INVALID,INVALID,INVALID
24,Oru raksha illa oru adaar item  Marana Mass Ennu Paranjaal ithanu  Super Super Super,Positive,0.0,Positive,Positive,INVALID,INVALID,INVALID,INVALID
25,enganem trailer irakkavo.veendum veendum kadittum matiyakunnilla katta waiting for this movie,Positive,0.0,Positive,Positive,INVALID,INVALID,INVALID,INVALID
26,The director of Mass entertainers strikes again Joshiy  ഇത് ഒന്നൊന്നര പടം ആയിരിക്കും ജോജു ചേട്ടൻ കിടുക്കി,Positive,0.4777777777777778,Positive,Positive,INVALID,INVALID,INVALID,INVALID
27,Polichu mass alla marana massssss  ikkaaaaaaaaa,Positive,0.0,Positive,Positive,INVALID,INVALID,INVALID,INVALID
28,Kalippe....   by katta lalettan fan,Positive,0.0,Mixed_feelings,Negative,INVALID,INVALID,INVALID,INVALID
29,Idakkatta waiting for Mamangam Ikkaa luv u...,Positive,0.0,Positive,Positive,INVALID,INVALID,INVALID,INVALID
30,ആരുടേയും അഭിനയം മറ്റൊരാളെക്കാള്‍ മികച്ചതാണ് എന്ന്‌ പറയാ൯ വയ്യ... എല്ലാരു൦ തക൪ത്തു...,Positive,0.8947368421052632,Mixed_feelings,Positive,INVALID,INVALID,INVALID,INVALID
31,Katta waiting madura raja mammokka kidu mass,Positive,0.0,Positive,Positive,INVALID,INVALID,INVALID,INVALID
32,Spr item rajuettan nalla making Lalettante karyam parayandallo,Positive,0.0,Mixed_feelings,Positive,INVALID,Mixed_feelings,INVALID,INVALID
33,"Nice,,,,, bgm രാക്ഷസനെ ഓർമപ്പിക്കുന്നു, anyway പൊളിച്ചു.... പടം കാണാൻ തോന്നും trailer കണ്ടാൽ",Positive,0.6341463414634146,Mixed_feelings,Mixed_feelings,INVALID,INVALID,INVALID,INVALID
34,ഈ മൂന്ന് അക്ഷരം മതി ദിലീപ് സിനിമ വേറെ ലെവൽ ആകും🥳🥳🥳🥳എത്രയോ വ്യത്യസ്ത വേഷം ചെയ്യെത്തിട്ടുള്ളതാ ജനപ്രിയ നായകൻ ഇതു പോലെ അഭിനയിക്കാൻ വേറെ ഏത് മലയാള നടന് പറ്റും,Positive,0.9699248120300752,Positive,Positive,INVALID,INVALID,INVALID,INVALID
35,Wowww...different cast... wonderful cinematography..  മലയാളത്തിൽ മഞ്ഞുമലയൊക്കെ ഇത്ര ഭംഗിയിൽ കാണുന്നത് ആദ്യമാണ്...  all the best!,Positive,0.4473684210526316,Positive,Positive,INVALID,INVALID,INVALID,INVALID
36,Polichu...  namude ലാലേട്ടൻ.. ...  rajuchettan,Positive,0.2,Mixed_feelings,Positive,INVALID,INVALID,INVALID,INVALID
37,തിരുമ്പി വന്നിട്ടേന്ന് സൊല്ല്              * ജോഷി*,Positive,0.9393939393939394,Positive,Positive,INVALID,Mixed_feelings,INVALID,INVALID
38,ഈ പടം തിയേറ്ററിൽനിന്നും കണ്ടത് എന്റെ ഭാഗ്യമായി കരുതുന്നു,Positive,1.0,Positive,Positive,INVALID,Mixed_feelings,INVALID,INVALID
39,Da chekka nee poliya bony parayan paranju,Positive,0.0,Negative,Negative,INVALID,INVALID,INVALID,INVALID
40,PRITHVI & TOVINO 🤩Ishtam            LALETTAN  allah... parayanundo Peruthishtam......,Positive,0.0,Mixed_feelings,Positive,INVALID,INVALID,INVALID,INVALID
41,Orupadu naalu koodi oru nalla movie kandu....onnum parayanilla....ente ponno....ooo....kidu....,Positive,0.0,Positive,Positive,INVALID,Mixed_feelings,INVALID,INVALID
42,Variety laletta,Positive,0.0,Positive,Positive,INVALID,INVALID,INVALID,INVALID
43,Mammookkka ningal mwuth aaann,Positive,0.0,Negative,Positive,INVALID,INVALID,INVALID,INVALID
44,Ente ponnoo ijjathii marana masss,Positive,0.0,Positive,Positive,INVALID,INVALID,INVALID,INVALID
45,Mass itom. Mass dialogue. Lalettan polikum,Positive,0.0,Positive,Positive,INVALID,INVALID,INVALID,INVALID
46,"പ്രായം മുഖത്തു എത്തിയെങ്കിലും, അതിനെ വെല്ലുന്ന കഥാപാത്രങ്ങൾ തിരഞ്ഞെടുക്കാൻ കാണിക്കുന്ന തന്റേടം അത് അഭിനന്ദിക്കാതിരിക്കാൻ കഴില്ല",Positive,0.9913793103448276,Positive,Positive,INVALID,INVALID,INVALID,INVALID
47,10 million aayyonn nokkan vannavar indo,Positive,0.0,Positive,Positive,INVALID,INVALID,INVALID,INVALID
48,ഈ പുള്ളർ എല്ലാം കൂടെ മലയാള സിനിമയേ ഒരു ലെവലിൽ എത്തിയ്ക്കും,Positive,1.0,Positive,Positive,INVALID,Mixed_feelings,INVALID,INVALID
49,SAMBAVAM HEVY AKKITTUNDE KATTA WAITING FOR RAJA,Positive,0.0,Positive,Positive,INVALID,INVALID,INVALID,INVALID
50,മാമാങ്കം വിസ്മയിപ്പിക്കും കാരണം മമ്മൂക്കയാണ് ഹീറോ  മിനിമം ഗ്യാരണ്ടിയുള്ള ഏക നടൻ മമ്മൂക്ക മാത്രം,Positive,1.0,Positive,Positive,INVALID,INVALID,INVALID,INVALID
51,50 സെക്കന്റ് മുതല്‍ ഉള്ള ഡയലോഗ് ഇനി വണ്ടി ഭ്രാന്തന്‍മാരുടെ സ്റ്റാറ്റസായിരിക്കും,Positive,0.9436619718309859,Negative,Positive,INVALID,Mixed_feelings,INVALID,INVALID
52,#unniyettan_ishtam Unniyettaaa kidu Alla kikidu Powlichu All the best unniyettaaa,Positive,0.0,Positive,Positive,INVALID,INVALID,INVALID,INVALID
53,Ennaaa Release Enn Parayaamo.. Katta Waiting Aaaaaa,Positive,0.0,Negative,Positive,INVALID,INVALID,INVALID,INVALID
54,ഇത്പോലെ ഒരു martial art പടം മലയാളത്തിൽ ഇന്ന് വരെ ഇറങ്ങിയിട്ടില്ല എന്നാണ് കരുതുന്നത്,Positive,0.863013698630137,Positive,Positive,INVALID,Mixed_feelings,INVALID,INVALID
55,4 Music team thakarkkaanallo... Kollaaam ... Kidukkatte...🤟,Positive,0.0,Positive,Positive,INVALID,INVALID,INVALID,INVALID
56,ഇത് ചരിത്രം ആകും എന്ന് ഉറപ്പുള്ളവർ ഇവിടെ വാ,Positive,1.0,Positive,Positive,INVALID,Mixed_feelings,INVALID,INVALID
57,അജയ് വാസുദേവ്       * രാജാധിരാജ      * മാസ്റ്റർപീസ് രണ്ടും  ALL TIME BLOCKBUSTERS    ഇനി ഷൈലോക്കിന്റെ വമ്പൻ ഹിറ്റിനായി കാത്തിരിക്കുന്നു    ഇതിനോട്  മുട്ടാൻ BIG BROTHER -ന് പറ്റുമോ എന്ന് തോന്നണില്ല ...,Positive,0.7784810126582279,Positive,Positive,INVALID,INVALID,INVALID,INVALID
58,Achane cinemakkare othukke kalangathanenkilum makane arkkum othukkan kazheyella.,Positive,0.0,Negative,Negative,INVALID,Mixed_feelings,INVALID,INVALID
59,Ettan adipoli    Ruvais dileepettaaaaaaaq,Positive,0.0,Positive,Positive,INVALID,INVALID,INVALID,INVALID
60,kure nalukalkku sesham eanikoru film kaanan thonnunnu ithu kandapol,Positive,0.0,Negative,Negative,INVALID,Mixed_feelings,INVALID,INVALID
61,Padam vere level aaavum.... Mammulaaaal fanz,Positive,0.0,Positive,Positive,INVALID,INVALID,INVALID,INVALID
62,Build up koduth niraasapedutharuth....super hit aavaanam,Positive,0.0,Mixed_feelings,Positive,INVALID,Mixed_feelings,INVALID,INVALID
63,Ikka ikka....ikka ikka ikka ....ikka ikka ikka ikka....ente ponnu ikka....marikilla ningale njn marikuvolam...,Positive,0.0,Mixed_feelings,Negative,INVALID,INVALID,INVALID,INVALID
64,Oru rakshayum illa mona.... Ithavana cup rajuvettan kondupoyeeeeeeee!,Positive,0.0,Positive,Negative,INVALID,Mixed_feelings,INVALID,INVALID
65,ഇത് dubbed voice ആണോ ഹിന്ദി.. നിവിൻ തന്നെയാണെങ്കിൽ പൊളിച്ചിട്ടുണ്ട്,Positive,0.7833333333333333,Mixed_feelings,Negative,INVALID,Mixed_feelings,INVALID,INVALID
66,മലയാള സിനിമാ സൂപ്പർസ്റ്റാർകളിൽ നിന്നും വഴിമാറി വരുന്നു. ഒപ്പം വിജയങ്ങളും.... അടിപൊളി,Positive,0.9342105263157895,Positive,Mixed_feelings,INVALID,INVALID,INVALID,INVALID
67,Swasika..... swasika vijay.... ഞങ്ങളുടെ മുത്ത്.....,Positive,0.2978723404255319,Positive,Positive,INVALID,INVALID,INVALID,INVALID
68,polich ikkkkkkaaaaaaaaaa  kola maaaaaaaaaaas  marana maaaaaaaaaaaaas  triple maaaaaaaaaaaaaaas,Positive,0.0,Positive,Positive,INVALID,INVALID,INVALID,INVALID
69,Mamangam fans show kandirikkum ad ini eath time ayalum ikkayum eattanum namukk  oru Poleyalle,Positive,0.0,Negative,Negative,INVALID,Mixed_feelings,INVALID,INVALID
70,Padam utubil irakiyal chilappo hittavum.theateril valya pradeeksha vakenda.,Positive,0.0,Negative,Negative,INVALID,INVALID,INVALID,INVALID
71,Oru reksha illa maranna mass feel ear phone use cheyy kidu feel kittum,Positive,0.0,Positive,Positive,INVALID,INVALID,INVALID,INVALID
72,മലയാളത്തിന് നല്ല ഒരു thriller ഉണ്ടാകട്ടെ എന്ന് പ്രതീക്ഷിക്കാം..... After memories.. .. അഞ്ചാം പാതിരാ..  Bgm,Positive,0.6276595744680851,Mixed_feelings,Mixed_feelings,INVALID,INVALID,INVALID,INVALID
73,Ente ponno rajuvetta namichu lalettan is back,Positive,0.0,Positive,Positive,INVALID,INVALID,INVALID,INVALID
74,"Kalathinuu oppam sanchsrikkun vineeth ettaa , physco yanne epoo trent",Positive,0.0,Mixed_feelings,Positive,INVALID,INVALID,INVALID,INVALID
75,Oru rakshayum illa..joli kazhin ksheenichirangiya enik ippo oru energy okke thonunu.. #Mamangam,Positive,0.0,Positive,Negative,INVALID,INVALID,INVALID,INVALID
76,ഒരു രക്ഷയും ഇല്ല കിടു         ദളപതിയുടെ പിള്ളേരുടെ വക എല്ലാ ആശംസകളും നേരുന്നു,Positive,1.0,Positive,Positive,INVALID,INVALID,INVALID,INVALID
77,Kandittum kandittum kothii teeranilla release nu vendii katta waiting ....#FDFS locked,Positive,0.0,Positive,Positive,INVALID,INVALID,INVALID,INVALID
78,ട്രൈലർ കണ്ടു അങ്ങ് ലൈകീക് ...കാരണം ഒന്നും പറയാൻ ഇത് പൊളിക്കും,Positive,0.9433962264150944,Negative,Negative,INVALID,Mixed_feelings,INVALID,INVALID
79,This is interesting.....ikka polikku ikka.....all the best from Lalettan Fans,Positive,0.0,Positive,Positive,INVALID,INVALID,INVALID,INVALID
80,Chandhuvineyum pazhashiyekalum mukalil nilkan pokunna oru muthal.. chandrothe ee vellyamamma..,Positive,0.0,Mixed_feelings,Positive,INVALID,Mixed_feelings,INVALID,INVALID
81,Joshi chaayan varunne...newgen pillerellam kandam vazhi odikko...theateril poyi direction padikkaan...Jayan.te moorkhan 1980 IL cheytha Joshi Jojovinte film 2019  IL edukunnu angeraanu maaaass...,Positive,0.0,Mixed_feelings,Negative,INVALID,INVALID,INVALID,INVALID
82,Ittichan Polichuuuu Onam Lalettan eduthu ennu parayan Paranju,Positive,0.0,Positive,Positive,INVALID,Mixed_feelings,INVALID,INVALID
83,Malayalathinte mahanadan #Suriyafansinte ashamsakal🤝 Trailer looks massy!,Positive,0.0,Positive,Positive,INVALID,INVALID,INVALID,INVALID
84,"Midhun manuval thomasinte adtha     Padam , shyju kalidhnte DOP ,sushin shyamnte samgeetham, chakochanum basi machanum Dark",Positive,0.0,Mixed_feelings,Positive,INVALID,INVALID,INVALID,INVALID
85,നല്ല രണ്ട് നടന്മാരുടെ performance കാണാൻ പറ്റും എന്ന് ഉറപ്പായി.,Positive,0.7818181818181819,Positive,Positive,INVALID,Mixed_feelings,INVALID,INVALID
86,ലേഡീസ് and ജെന്റിൽമാനോ ഭാസ്കർ the റാസ്‌കളോ പോലെ ആവാതെ നല്ലൊരു ബോഡിഗാർഡ് ആവട്ടെ,Positive,0.8970588235294118,Mixed_feelings,Positive,INVALID,INVALID,INVALID,INVALID
87,Katta waiting  Lalettan  Rajuettan polichu heavy  Entha oru feel,Positive,0.0,Mixed_feelings,Positive,INVALID,INVALID,INVALID,INVALID
88,Teaser kandappo valya pradeeksha illayirunnu.......ithu kandappol maarikitti......,Positive,0.0,Negative,Negative,INVALID,Mixed_feelings,INVALID,INVALID
89,സത്യത്തിൽ ട്രൈലെർ കാണാൻ നല്ല രസമുണ്ട്. പക്ഷെ ഇത് മലയാളം തന്നെയാണോ ? 🤔ഒക്കെ പുതുമുഖങ്ങൾ ആണല്ലോ.,Positive,0.9512195121951219,Mixed_feelings,Mixed_feelings,INVALID,INVALID,INVALID,INVALID
90,ഇപ്പോൾ വന്നത് ക്‌ളാസ് ഇനി വരാനുള്ളത് ഒരു ഒന്ന ന്നര മാസ് #Shylock,Positive,0.8363636363636363,Positive,Positive,INVALID,INVALID,INVALID,INVALID
91,entee moone goosebumbs overload raju ettan direction polikum,Positive,0.0,Positive,Positive,INVALID,INVALID,INVALID,INVALID
92,Odiyan trailer nakalum katta waiting Lucifer,Positive,0.0,Positive,Positive,INVALID,INVALID,INVALID,INVALID
93,Soooooperrr  Kure kalamyi malayalathil ninnu thriller vannitt..  Ith poli aayirikkum,Positive,0.0,Positive,Positive,INVALID,INVALID,INVALID,INVALID
94,Malayala cinemayile nattellulla aankutti. Nammade Rajuettan,Positive,0.0,Positive,Positive,INVALID,Mixed_feelings,INVALID,INVALID
95,ഈ ഡയലോഗ് എടുത്തിരിക്കുന്നത് national gamesന്റെ  ഉദ്ഘാടനം കാര്യവട്ടത്തെ സ്‌റ്റേഡിയത്തിൽ നടന്ന ദിവസം മോഹൻലാൽ ലാലിസത്തിന് മുൻപ് അവതരിപ്പിച്ച പ്രെസെന്റഷനിൽ നിന്നാണ്... അല്ലാതെ സിനിമയ്ക്കായി ചെയ്തത് ഒന്നുമല്ല... ഇത് fan made trailer ആണ്... യഥാർത്ഥ മൂവിയുമായി ഇതിനു ഒരു ബന്ധവും ഇല്ല....,Positive,0.8353413654618473,Mixed_feelings,Negative,INVALID,INVALID,INVALID,INVALID
96,ഈ പടത്തിൽ ഒരിക്കലും മമ്മൂട്ടിയുടെ ഡാൻസ് ഉണ്ടാകുമെന്ന് കരുതിയില്ല.  തിയേറ്ററിൽ നല്ല കയ്യടി ആയിരുന്നു ഇതിനൊക്കെ.  സംഭവം ക്യൂട്ട് ആയിട്ടുണ്ട്,Positive,0.9836065573770492,Positive,Positive,INVALID,INVALID,INVALID,INVALID
97,Supr trailer oru vettame like adikkan pattullu ennoru sankadam athra kidu trlr,Positive,0.0,Mixed_feelings,Positive,INVALID,INVALID,INVALID,INVALID
98,*ഈ സിനിമ മുതൽ ഇനി അങ്ങോട്ടാണ് സുരാജ് എന്ന സൂപ്പർസ്റ്റാറിന്റെ ആരംഭം*,Positive,0.9661016949152542,Positive,Positive,INVALID,Mixed_feelings,INVALID,INVALID
99,Ee Trailer Njan Thaetril Kandappo Ennaa Feelaan! Tovino Achayan Ishtam!,Positive,0.0,Positive,Positive,INVALID,INVALID,INVALID,INVALID
100,ഈ film Swasu ന്റെ Super hit ൽ ഒന്നാകട്ടെ ... support ചങ്ക് സ്വാസൂട്ടീ ... Support Joshy Sir,Positive,0.40789473684210525,Positive,Positive,INVALID,INVALID,INVALID,INVALID
101,ഇക്ക മരണ മാസ്സ്.. ബ്ലാക്ക് എന്ന സിനിമയ്ക്ക് ശേഷം  ഇക്ക വീണ്ടും ബ്ലാക്ക് ലുക്കിൽ ഇത് മാസ്സ് കാ ബാപ്,Positive,0.9759036144578314,Mixed_feelings,Positive,INVALID,INVALID,INVALID,INVALID
102,Padam oru vamban hit akatte....Chackochan.  we r waiting ......,Positive,0.0,Negative,Positive,INVALID,INVALID,INVALID,INVALID
103,എന്താ മേക്കിംഗ്....  Geethu MohanDas vere level... RajeevRavide wife അല്ലെ സംശയിക്കാൻ ഇല്ല..,Positive,0.4074074074074074,Mixed_feelings,Positive,INVALID,INVALID,INVALID,INVALID
104,Ente ikkkaaaa kola mass YouTube hang aanu makkale,Positive,0.0,Positive,Positive,INVALID,INVALID,INVALID,INVALID
105,idum kuudi 37 aamathe repeat adi,Positive,0.0,Negative,Negative,INVALID,INVALID,INVALID,INVALID
106,കിടു മൂവി  ഷമ്മി ഹീറോയാടാ ഹീറോ  സജി മുത്താണ്  എല്ലാരും പൊളിച്ചു,Positive,1.0,Positive,Positive,INVALID,INVALID,INVALID,INVALID
107,ഇട്ടിച്ചചായണന്റെ... സാമ്പിൾ വെടികറ്റ്.... കാണാൻ പോണ്ടായ.....,Positive,0.7857142857142857,Mixed_feelings,Negative,INVALID,Mixed_feelings,INVALID,INVALID
108,Margam kali polichuuu laletante purakil ninnnna Salim Kumar polichuuuu,Positive,0.0,Negative,Positive,INVALID,Mixed_feelings,INVALID,INVALID
109,Psychoo ഷമ്മി വേറെ level  ഷമ്മി ഹീറോ ആടാ..,Positive,0.6,Positive,Positive,INVALID,INVALID,INVALID,INVALID
110,Padam kandu oru rakshayum illa!! Soubin Shane polichu,Positive,0.0,Negative,Negative,INVALID,INVALID,INVALID,INVALID
111,മമ്മൂക്കയുടെ വളരെ വ്യത്യസ്തവും പുതുമ ഉള്ളതുമായ വേഷം ആണ്..  മമ്മൂക്ക extra ഓർഡിനറി performance  ചിലപ്പോ ആരും വലിയ രീതിയിൽ പ്രതീക്ഷിക്കാതിരുന്ന ഈ ചിത്രം ആയിരിക്കാം മലയാളത്തിലെ എല്ലാ റെക്കോർഡുകളും കടത്തി വെട്ടുന്നത്,Positive,0.9037433155080213,Positive,Positive,INVALID,INVALID,INVALID,INVALID
112,Fuhad mathralla Ellarum. Polichadukki. Film theatril poyi kandillel. Ad oru nashtan,Positive,0.0,Negative,Negative,INVALID,INVALID,INVALID,INVALID
113,Ithilude enkilum tirichu varuka lalettan fans waiting....,Positive,0.0,Mixed_feelings,Positive,INVALID,Mixed_feelings,INVALID,INVALID
114,Lalettan massaaa verum Mass Alla kolamass lalettan ki jaiiii,Positive,0.0,Positive,Positive,INVALID,INVALID,INVALID,INVALID
115,Ellarum ikka ikkaa...Njan mathram anooo unni chettane mention cheyunnadh...Unni chettante pwoli,Positive,0.0,Mixed_feelings,Positive,INVALID,Mixed_feelings,INVALID,INVALID
116,സുരാജേട്ടാ ഇങ്ങളെ നമിച്ചു......  ഇങ്ങള് പൊളിയാണ്........,Positive,0.7254901960784313,Negative,Negative,INVALID,Mixed_feelings,INVALID,INVALID
117,അൽ കിടു കോമ്പിനേഷൻ പൊളിക്കും ഫഹദ് ഇക്ക ഷൈൻ ഇക്ക സൗബിൻ ഇക്ക പൊളിക്ക്,Positive,1.0,Positive,Positive,INVALID,INVALID,INVALID,INVALID
118,ഈ കൊച്ച് ഉദാഹരണം സുജാതയിൽ കിടിലൻ പെർഫോമൻസ് ആയിരുന്നു. പിന്നൊന്നിലും കണ്ടില്ലല്ലോ കണ്ടില്ലല്ലോ എന്ന് കരുതി ഇരിക്കുവായിരുന്നു.,Positive,0.9821428571428571,Mixed_feelings,Positive,INVALID,INVALID,INVALID,INVALID
119,Oru rakshayum illa ikka.. ningal pwolichu..  ith kidukkum,Positive,0.0,Negative,Negative,INVALID,Mixed_feelings,INVALID,INVALID
120,Malayala cinemayude range enthanen ariyan erikkunathe ullu MAMANGAM,Positive,0.0,Positive,Positive,INVALID,INVALID,INVALID,INVALID
121,ന്റെ പൊന്നോ.. പടം ഒരു രക്ഷയുമില്ല soubinikka,Positive,0.6923076923076923,Negative,Negative,INVALID,Mixed_feelings,INVALID,INVALID
122,Trailer athra nannaavaandu irikkunnathaaa nallathu niraasha pedilla padam kaanumbo padam kollaamenkil athu bonus aaaaa,Positive,0.0,Positive,Mixed_feelings,INVALID,INVALID,INVALID,INVALID
123,Nivin Pauly enna tharamalla Nivin Pauly enna Nadan,Positive,0.0,Positive,Negative,INVALID,INVALID,INVALID,INVALID
124,നല്ല നന്മകൾ ഉള്ള പടം കാണാൻ  ആഷിക് and കൂട്ടുകാരെ പടം കാണണം,Positive,0.9375,Positive,Positive,INVALID,Mixed_feelings,INVALID,INVALID
125,mammookka oru rakshayum Illa kiddu,Positive,0.0,Positive,Positive,INVALID,INVALID,INVALID,INVALID
126,Basil # midhun Gopinath classile villanisum upakarapettalee  chunk polichuuu,Positive,0.0,Negative,Negative,INVALID,Mixed_feelings,INVALID,INVALID
127,June 16 Keralakara ilakki marikkum ikka,Positive,0.0,Negative,Negative,INVALID,Mixed_feelings,INVALID,INVALID
128,3-4 പൊളിപടത്തിന് ശേഷം   ഒരു കിടുക്കാച്ചി സിനിമകണ്ടു ഇന്ന്... 22-9-2019 ൽ _ കുബൈറ്റിൽനിന്ന്    എന്താ പറയുക    മാസ്സ് മരണ മാസ്സ്       കിടു കിടുലോം  കിട്ടു,Positive,0.8666666666666667,Positive,Positive,INVALID,INVALID,INVALID,INVALID
129,Last aa chaadiyulla adi...   Athu screenil varumbolulla kaaryam,Positive,0.0,Negative,Negative,INVALID,Mixed_feelings,INVALID,INVALID
130,Ithore nalla padam aaakatte enne praaarthikkunnu Poli trailer,Positive,0.0,Mixed_feelings,Positive,INVALID,INVALID,INVALID,INVALID
131,Superb     Katta suppor  By         Ettan fans,Positive,0.0,Positive,Positive,INVALID,INVALID,INVALID,INVALID
132,Oru dubbing padathinte trailer pole.  kidu,Positive,0.0,Positive,Positive,INVALID,INVALID,INVALID,INVALID
133,Ee christmas driving license kond povum,Positive,0.0,Negative,Negative,INVALID,INVALID,INVALID,INVALID
134,"Accent  , trailer feel good aan",Positive,0.0,Positive,Positive,INVALID,INVALID,INVALID,INVALID
135,"Cristamasinu.... mamangam, driving license, kozhiyum... polikum",Positive,0.0,Mixed_feelings,Negative,INVALID,INVALID,INVALID,INVALID
136,Enteh laletta eth trailer aanu uff,Positive,0.0,Negative,Positive,INVALID,INVALID,INVALID,INVALID
137,Trailer kandu kazhinjathum vallathoru santhosavum vishamavumokke... enthayalum kanan valia kothiyay...,Positive,0.0,Mixed_feelings,Mixed_feelings,INVALID,INVALID,INVALID,INVALID
138,സ്വാസികയുടെ ഇനിയുള്ള ജീവിതത്തിൽ ഈ സിനിമ ഒരു പൊൻതൂവൽ ആവട്ടെ...,Positive,0.9444444444444444,Positive,Positive,INVALID,Mixed_feelings,INVALID,INVALID
139,Padam polichu mass + class movie,Positive,0.0,Positive,Positive,INVALID,INVALID,INVALID,INVALID
140,Oro thavana kanumbozhum romanjam ikkaaaaa,Positive,0.0,Mixed_feelings,Positive,INVALID,INVALID,INVALID,INVALID
141,dijo cheatta polichu too. padam thkarakum.,Positive,0.0,Negative,Negative,INVALID,INVALID,INVALID,INVALID
142,മാങ്ങാ ഉള്ള മാവിലെ കല്ല് എറിയു.കളി ആക്കി ചിരിച്ചവർ ഇതൊന്ന് കാണണം.  ന്റെ പൊന്ന് മമ്മുക്ക ഒരു പൊൻതൂവൽ കൂടെ കൂട്ടി ചേർത്തു ആ ചിറകിൽ,Positive,0.981651376146789,Mixed_feelings,Positive,INVALID,INVALID,INVALID,INVALID
143,കഞ്ഞി പ്രതീക്ഷിച്ചു വന്നവർക്ക് നല്ല മട്ടൻ ബിരിയാണി കിട്ടിയ ഒരു ഫീൽ  ഇജ്ജാതി ഐറ്റം ഹോ ആ സൈറ്റടി രോമം എണീറ്റ് നിന്ന് ദേ നോക്കിക്കേ,Positive,1.0,Mixed_feelings,Positive,INVALID,INVALID,INVALID,INVALID
144,ജോഷി സർ ൻറ്റെ move അല്ലെ കിടു വായിരിക്കും swasu all the best swasu മുത്തിനെ കാണാൻ കട്ട വെയിറ്റ് lvu swasu,Positive,0.6363636363636364,Positive,Positive,INVALID,INVALID,INVALID,INVALID
145,ഇതൊരു പൊളി പൊളിക്കും.. എജ്ജാതി കാസ്റ്റിംഗ്. Editing bgm direction art ഒരു രക്ഷേം ഇല്ലാ.. joshy sir strikes with a tsunami.,Positive,0.47619047619047616,Negative,Mixed_feelings,INVALID,INVALID,INVALID,INVALID
146,"ആദ്യം ഈ പാട്ടു കേട്ടപ്പോൾ ഇഷ്ടപ്പെട്ടില്ല ,ഇപ്പൊ ഈ പാട്ട് കേൾക്കാതെ ഒരു ദിവസം പോലും ഇരിക്കില്ല ! #addicted",Positive,0.8804347826086957,Positive,Positive,INVALID,Mixed_feelings,INVALID,INVALID
147,mind blowing ikkaaaa....,Positive,0.0,Positive,Positive,INVALID,INVALID,INVALID,INVALID
148,Happy birthday mammokka  Trailer kidu padam thakarkkum,Positive,0.0,Positive,Positive,INVALID,INVALID,INVALID,INVALID
149,Eth oru onnonnara padam aavum enn urappullavar like adi,Positive,0.0,Negative,Positive,INVALID,INVALID,INVALID,INVALID
150,Korach adhikum award kude  undakendi verum enn toonna suraajettante acting kanumbo,Positive,0.0,Negative,Negative,INVALID,INVALID,INVALID,INVALID
151,ആരും സഞ്ചരിക്കാത്ത വഴികളിലൂടെ നിവിൻ സഞ്ചരിച്ചു തുടങ്ങി,Positive,1.0,Positive,Positive,INVALID,Mixed_feelings,INVALID,INVALID
152,Eee Christmas jayettan edkuva  mmade tcr pooram,Positive,0.0,Negative,Negative,INVALID,INVALID,INVALID,INVALID
153,Fahad | Shyju Khalid | Sushin Shyam . Vere level,Positive,0.0,Positive,Positive,INVALID,INVALID,INVALID,INVALID
154,ikka mass alle.lalettan fAns kude ondu,Positive,0.0,Positive,Positive,INVALID,INVALID,INVALID,INVALID
155,ഇത്രയും റൊമാൻറിക്ക് ആയിട്ടുള്ള മലയാളം സോങ് ആദ്യമായിട്ടാണ് കാണുന്നത് ഷൈൻ വേറെ ലെവലാണ്,Positive,1.0,Positive,Positive,INVALID,INVALID,INVALID,INVALID
156,ഈ ചെറുക്കന്റെ ആ ചിരി കണ്ടിട്ട് എങ്ങനെ ഇവനെയൊക്കെ സിനിമയിൽ നിന്ന് ഒഴിവാക്കാൻ തോന്നുന്നേ.. നല്ല കഴിവ് ഉള്ള നടനാ..,Positive,0.9587628865979382,Positive,Positive,INVALID,INVALID,INVALID,INVALID
157,Nalla comedy movie aanenn thonnunnu....katta waiting🤗,Positive,0.0,Positive,Positive,INVALID,INVALID,INVALID,INVALID
158,കണ്ടിട്ടും കണ്ടിട്ടും മടുപ്പ് തോന്നാത്ത എനിക്ക് മാത്രം ആണോ,Positive,1.0,Mixed_feelings,Positive,INVALID,Mixed_feelings,INVALID,INVALID
159,"sooraj santhosh,,,,,,,, Thaniye mizhikal....uyiril thodum.....ho oru reksha illa... sooraj machanu like poodu",Positive,0.0,Positive,Negative,INVALID,INVALID,INVALID,INVALID
160,Adipwoliii Lalettaaa,Positive,0.0,Positive,Positive,INVALID,INVALID,INVALID,INVALID
161,Action film kaddittu kurrachu kallam ayyi,Positive,0.0,Negative,Negative,INVALID,INVALID,INVALID,INVALID
162,ഇൗ ഓണം ലാലേട്ടനും പിള്ളേരും ഇങ്ങ് എടുക്കുവാ...,Positive,0.926829268292683,Mixed_feelings,Negative,INVALID,Mixed_feelings,INVALID,INVALID
163,മമ്മുക്കായുടെയും ദിലീപേട്ടന്റയും പടം 100 ദിവസം കുടും🤲🤲🤲🤲🤲🤲,Positive,0.8301886792452831,Positive,Positive,INVALID,Mixed_feelings,INVALID,INVALID
164,Ittimaniyile laleattente look ishtamaayavar like adi....,Positive,0.0,Positive,Negative,INVALID,Mixed_feelings,INVALID,INVALID
165,"തീയേറ്ററിൽ ആയാലും , മിനി സ്ക്രീൻ ആയാലും ഓണം ലാല്ലേട്ടനൊപ്പം All d best  #AONIKALS",Positive,0.7391304347826086,Positive,Positive,INVALID,Mixed_feelings,INVALID,INVALID
166,E padathodu koodi tovino Thomas super star,Positive,0.0,Positive,Positive,INVALID,INVALID,INVALID,INVALID
167,പറവ സുഡാനി ഓക്കേ ഒത്തിരി ഇഷ്ടത്തോടെയാ കണ്ടത് itha അടുത്തതും ഇതും കണ്ടിരിക്കും,Positive,0.9411764705882353,Mixed_feelings,Positive,INVALID,INVALID,INVALID,INVALID
168,Ubaid ekka paranjadhu sheriyaayirikkam  But Thudakkathile negative  adikkalle.. ...Adhyam e coment alle ellarum not cheuunnadhu..be positive Mammookka boss pwolikkum,Positive,0.0,Mixed_feelings,Mixed_feelings,INVALID,INVALID,INVALID,INVALID
169,Oooohhhh oru rakshayum illaaaa... Pwolii poppwoliiii  Ingalaan thaaram,Positive,0.0,Positive,Negative,INVALID,INVALID,INVALID,INVALID
170,ഒരു ഹൈപും തരാതെ ഇന്ത്യയിലെഎറ്റവും മികച്ച സിനിമകളിലൊന്നാണ്  ദൃശ്യം ഈ പടവും അങ്ങനെയാവട്ടെ,Positive,1.0,Positive,Positive,INVALID,INVALID,INVALID,INVALID
171,ആദ്യം നോട്ടിഫിക്കേഷൻ വന്നു ന്യൂ ട്രൈലെർ ...ന്ത് കാണാൻ എന്ന് കരുതി reject..ചെയ്ത് ..വെറുതെ ഇപ്പൊ ഒന്ന് നോക്കി ...വീനിത് എട്ടോ ...പൊരിച്ചു ട്ടോ ഒന്നും പറയാൻ എല്ലാ കിടിലം ...Tx,Positive,0.8410596026490066,Mixed_feelings,Positive,INVALID,INVALID,INVALID,INVALID
172,പടം പൊളിച്ചടുക്കി വേറെ ലെവൽ ഇപ്പൊ കണ്ടു ഇറങ്ങിയതേ ഒള്ളു,Positive,1.0,Negative,Positive,INVALID,INVALID,INVALID,INVALID
173,ഫഹദ് ഒരു രക്ഷയുമില്ല സൗബിൻ വേറെ ലെവൽ ഷൈൻ ഞെട്ടിച്ചു ശ്രീനാഥ് ഭാസി മാസ്സ് പടം മരണ മാസ് ഈ പാട്ട് കൊല മാസ്  Edit:tnx fr the likes,Positive,0.8269230769230769,Positive,Positive,INVALID,INVALID,INVALID,INVALID
174,Nice trailar soubin ikka nammale vismaipikkum.,Positive,0.0,Positive,Positive,INVALID,INVALID,INVALID,INVALID
175,ഷമ്മി Hero  ആടാ hero..................... ഷമ്മി പൊളിച്ചു മോനെ  ഷമ്മി ഫാൻസ് ഉണ്ടോ ഇവിടെ,Positive,0.6081081081081081,Mixed_feelings,Positive,INVALID,INVALID,INVALID,INVALID
176,ഇഷ്കിലത്തെ പാട്ടും ഇതും കേട്ട് കേട്ട് പിന്നേം കേൾക്കും,Positive,1.0,Positive,Positive,INVALID,Mixed_feelings,INVALID,INVALID
177,രാജാധി രാജയിലെ ജോജു ചേട്ടന്റെ സ്വാമി അയ്യപ്പൻ എന്ന character കഴിഞ്ഞാൽ അടുത്ത mass character പൊറിഞ്ചു.... ആയിരിക്കും....,Positive,0.7169811320754716,Mixed_feelings,Positive,INVALID,Mixed_feelings,INVALID,INVALID
178,മാമാങ്കം കണ്ട് ത്രില്ലടിച്ച ഇരിക്കുകയാണ്. അപ്പൊ ദേ അടുത്തത് എനിക്ക് വയ്യ,Positive,0.984375,Negative,Positive,INVALID,INVALID,INVALID,INVALID
179,നിവിൻ ഏട്ടന്റെ കരിയർ ബെസ്റ്റ് എന്ന് തോന്നുന്ന പ്രകടനമാണ് മൂത്തോൻ ട്രെയിലർ കാണുമ്പോൾ തോന്നുന്നത് ഒരുപാടു വയലൻസ് ഉള്ള പടം ആണെന്ന് തോന്നുന്നു സെൻസർബോർഡ് കത്രിക വെച്ചു ഇല്ലെങ്കിൽ നിവിൻ ഏട്ടൻ ഏറെ അഭിനയ വിസ്മയം തിയറ്ററിൽ കാണാം ആക്ടിംഗ് വേറെ ലെവൽ ഇത്രയും ഒരിക്കലും പ്രതീക്ഷിച്ചില്ല സൗണ്ട് മോഡുലേഷൻ പക്ക ഒരു രക്ഷയുമില്ല,Positive,1.0,Positive,Positive,INVALID,INVALID,INVALID,INVALID
180,Luccifer trailerinu 10 millionilethicha. Editarmaarile pon sooryan,Positive,0.0,Mixed_feelings,Negative,INVALID,Mixed_feelings,INVALID,INVALID
181,Waiting verutheyalla ini ravanant varava ..... Urapicho .. adutha hit manakunundee ent ikka ijjadhi look,Positive,0.0,Mixed_feelings,Negative,INVALID,INVALID,INVALID,INVALID
182,Aa Tamil Dialogue Ikka Thalaivarekalum kooduthal Mass Akki!! Ufff Like Firing,Positive,0.0,Positive,Positive,INVALID,INVALID,INVALID,INVALID
183,YouTube കയറിയപ്പോൾ സിനിമന്റ പേരിന്റ വ്യത്യസ്ത കണ്ട് വെറുത്തേ ഒന്ന് Trailer കണ്ട് നോക്കിയത ഒരു രക്ഷയും ഇല്ല. Trailer അവസാനം Directed by ജോഷി എന്ന് കണ്ടപ്പോൾ ഉള്ള രോമക്ഷം പറഞ്ഞ് അറിയിക്കാൻ കഴിഞ്ഞില്ല. Trailer തന്നെ ജോഷി സാർ ഞെട്ടിച്ചു കളഞ്ഞു.,Positive,0.8038277511961722,Negative,Positive,INVALID,INVALID,INVALID,INVALID
184,ഈ സോങ് ആദ്യം ഇറക്കിയിരുനെൽ പടം തീർച്ചയായും ഹിറ്റ്‌ ആയേനെ,Positive,0.9795918367346939,Positive,Positive,INVALID,Mixed_feelings,INVALID,INVALID
185,ഈ  ഓണം ഇട്ടിമാണിക്ക് ഒപ്പം,Positive,1.0,Positive,Negative,INVALID,INVALID,INVALID,INVALID
186,Kidiloski padam‍‍‍ sheriyaya psych padam fahade,Positive,0.0,Positive,Negative,INVALID,INVALID,INVALID,INVALID
187,Ikkante trailerlum polichu. lalettante trailer polichu.we vacation adipoliyayirikum.,Positive,0.0,Mixed_feelings,Positive,INVALID,INVALID,INVALID,INVALID
188,എന്റെ ദാസേട്ടാ അങ്ങയ്ക്ക് എണ്ണൽ സംഖ്യ എത്രയുണ്ടോ അത്രയും പ്രണാമം പ്രണാമം പ്രണാമം അർക്ക് കഴിയും ലാകത്തിൽ 80 വയസിൽ ഇത് പോലെ അങ്ങയ്ക്ക് മാത്രം പ്രണാമം,Positive,0.984375,Positive,Positive,INVALID,Mixed_feelings,INVALID,INVALID
189,Madhura raja....kandadhil vechu adipoli thagarppan movie...mammukka,Positive,0.0,Positive,Positive,INVALID,Mixed_feelings,INVALID,INVALID
190,അടിപൊളി മലയാളം ജാക്കി ചാൻ and ജാക്കി ചായത്തി .... പൊളി ട്രൈലെർ.. മാസ്സ്.. ഇഷ്ടപ്പെട്ടു,Positive,0.8533333333333334,Positive,Positive,INVALID,INVALID,INVALID,INVALID
191,ഒരു മാസ്സ് കമ്മട്ടിപ്പാടം... പിന്നെ മറിയോം... പെര്ന്നാളെന്നെ... ജോജു മരണ മാസ്സ്!!!,Positive,0.8378378378378378,Positive,Positive,INVALID,INVALID,INVALID,INVALID
192,Mass trailer... Lalettaaaaa oru rakshayumilla. Pwolichu... Lalettan muthaanu... Prithvi sarikum njettichu. Lalettan+prithvi=Lucifer(blockbuster )... Lalettan ishtam,Positive,0.0,Positive,Positive,INVALID,INVALID,INVALID,INVALID
193,Super tamil physco movies aya rakshasan ne kadathi vettum,Positive,0.0,Negative,Negative,INVALID,INVALID,INVALID,INVALID
194,Aettanta padathin ikka fansnte ashamsakal 🤗🤗🤗,Positive,0.0,Positive,Positive,INVALID,INVALID,INVALID,INVALID
195,പൊളിച്ചുട്ടോ  ഇഷ്ട്ടായി പെരുത്ത് ഇഷ്ട്ടായി,Positive,1.0,Mixed_feelings,Positive,INVALID,Mixed_feelings,INVALID,INVALID
196,"Finally mammokka is back , taleh kalippe teerunillalaaa",Positive,0.0,Positive,Negative,INVALID,INVALID,INVALID,INVALID
197,lucifer kanditt trailer onnoodi kaanan vannavar like adi  hvy hvy padam,Positive,0.0,Positive,Positive,INVALID,INVALID,INVALID,INVALID
198,Ikka vere level ttaaaaaa.. All the best... Ithu thakarkum,Positive,0.0,Positive,Positive,INVALID,INVALID,INVALID,INVALID
199,ഒരു രക്ഷയും ഇല്ല  മച്ചാനേ... പൊളി എന്നൊക്കെ  പറഞ്ഞാൽ  ഇതാണ്  പടം... കണ്ണൂർക്കാർ ഉണ്ടെങ്കിൽ അടി LIKE,Positive,0.8795180722891566,Positive,Negative,INVALID,INVALID,INVALID,INVALID
200,What  a song. Super movie.വളരെ വ്യത്യസ്തമായ role ചെയ്തത് സൗബിൻ ആണ്.,Positive,0.543859649122807,Positive,Positive,INVALID,INVALID,INVALID,INVALID
201,Mammuka happy birthday stay blessed live long padam pollikum nammal kallakum🤩,Positive,0.0,Positive,Positive,INVALID,INVALID,INVALID,INVALID
202,"pranayam ee paattanu athu kazhinjulla life  orikkalum ingane aavilla   ,, love uuu song",Positive,0.0,Positive,Positive,INVALID,Mixed_feelings,INVALID,INVALID
203,Look aayi lalettan thonni prithivi muthaanu like adi makkalee,Positive,0.0,Positive,Positive,INVALID,Mixed_feelings,INVALID,INVALID
204,Ingeru oru complete surprise package anallo  Abrid Shine,Positive,0.0,Positive,Positive,INVALID,INVALID,INVALID,INVALID
205,hoo kolamass item thannee...bgm oru rakshayumillaa,Positive,0.0,Mixed_feelings,Negative,INVALID,INVALID,INVALID,INVALID
206,Anna  നിങ്ങള് പുലിയല്ല.....ആന പുലിയാണ്.... ആന പുലി... മമ്മുക്ക ഇസ്‌തം,Positive,0.7213114754098361,Mixed_feelings,Positive,INVALID,Mixed_feelings,INVALID,INVALID
207,ഇത് ഏതോ വേറെ ലെവൽ പടമാണെന്ന് തോനുന്നു...ഒരു മരണ മാസ്സ് ഐറ്റം,Positive,0.9423076923076923,Mixed_feelings,Positive,INVALID,INVALID,INVALID,INVALID
208,Sowbin ikkaa ayond parayan .. nallaru story kanum,Positive,0.0,Positive,Negative,INVALID,INVALID,INVALID,INVALID
209,അന്നും ഇന്നും  കട്ട മമ്മൂക്ക ഫാൻസ് ആരുണ്ട്,Positive,1.0,Positive,Positive,INVALID,Mixed_feelings,INVALID,INVALID
210,ഇന്ന് രാവിലെയും ടീസർ കാണുന്നവരുണ്ടോ Uff ഇജ്ജാതി Heavy Mass Item,Positive,0.7090909090909091,Positive,Positive,INVALID,INVALID,INVALID,INVALID
211,Aarum kaana hridaya...... Awfff what a line,Positive,0.0,Positive,Positive,INVALID,INVALID,INVALID,INVALID
212,Enter ettaaaaaaaa ohh onnum parayaan ellaaaaa,Positive,0.0,Negative,Positive,INVALID,INVALID,INVALID,INVALID
213,ഇത് എത്ര വട്ടം കേട്ടു എന്ന് എന്റെ ചെവിക്കേ അറിയൂ,Positive,1.0,Negative,Negative,INVALID,Mixed_feelings,INVALID,INVALID
214,Malayala cinemaye adakki barikkan ithaverunnu..... oru kolakolli item....,Positive,0.0,Negative,Negative,INVALID,Mixed_feelings,INVALID,INVALID
215,Ini aarkkum onnum parayaanillallooo Remember the Name: Laleettan,Positive,0.0,Positive,Negative,INVALID,INVALID,INVALID,INVALID
216,Ho...oru azhchak ithrayum Neelam ondo?... Idikkatta waiting...,Positive,0.0,Negative,Negative,INVALID,INVALID,INVALID,INVALID
217,Good Luck Prithviraj And Lalettaaa Pwlichekkane...,Positive,0.0,Positive,Positive,INVALID,INVALID,INVALID,INVALID
218,ചരിത്രം സിനിമയാകുമ്പോൾ അതിലെ നായകൻ മമ്മൂക്ക എങ്കിൽ സിനിമ ചരിത്രമാകും   #മാമാങ്കം,Positive,0.9857142857142858,Positive,Positive,INVALID,Mixed_feelings,INVALID,INVALID
219,എല്ലാ മരുന്നുകളും ഉണ്ടെല്ലൊ... ഇത്‌ തിമിർക്കും.  - കട്ട ഫാൻ ഒഫ്‌ ഫഹദിക്ക,Positive,0.8870967741935484,Positive,Positive,INVALID,Mixed_feelings,INVALID,INVALID
220,Trailer  thanne 100 vattam kaanan thonna..... padam poliyaanu appo...🤘🤘🤘🤘🤘,Positive,0.0,Positive,Positive,INVALID,INVALID,INVALID,INVALID
221,Poli poli poli 🥰🥰🥰chende bgm wooow,Positive,0.0,Positive,Positive,INVALID,INVALID,INVALID,INVALID
222,ഇട്ടിമാണി  ഒരു മുഴുനീള കോമഡി ചിത്രമാമാണെന്ന് വീണ്ടും വീണ്ടും തെളിയിച്ചിരിക്കുന്നു,Positive,1.0,Positive,Positive,INVALID,Mixed_feelings,INVALID,INVALID
223,Ee pattil lalettan step irangivarunna scene.....ohhh romanjamm,Positive,0.0,Positive,Positive,INVALID,INVALID,INVALID,INVALID
224,ജോജു ചെമ്പൻ നൈല ജോഷിസർ ഇത് പൊളിക്കും,Positive,1.0,Positive,Positive,INVALID,Mixed_feelings,INVALID,INVALID
225,E Padam Hit avunnu e Trailer kandittu thonnunna #LalettanFans Hit #LIKE #SpikerzTraveller,Positive,0.0,Positive,Positive,INVALID,INVALID,INVALID,INVALID
226,Vere level of making nd lalettan was awesome,Positive,0.0,Positive,Positive,INVALID,INVALID,INVALID,INVALID
227,Ente mammooka ninghale mass alla  Marana massum alla  Pakshe ninghal kolamass aanu ikka,Positive,0.0,Mixed_feelings,Positive,INVALID,INVALID,INVALID,INVALID
228,1:48 എജ്ജാതി ഫീൽ ഈ ഭാഗം മ്യൂസിക്കിന്,Positive,0.8709677419354839,Positive,Positive,INVALID,Mixed_feelings,INVALID,INVALID
229,എന്റെ പൊന്നു ഇത് ഒരു ഒന്നൊന്നര ഐറ്റം ആയിരിക്കും രണ്ടും മൂന്നും തവണ കണ്ടവർ അടി ലൈക്ക്,Positive,1.0,Mixed_feelings,Positive,INVALID,Mixed_feelings,INVALID,INVALID
230,ന്റ പൊന്നോ ഒരു രക്ഷയില്ല ചങ്കിടിപ്പൊക്കെ കൂടി,Positive,1.0,Negative,Negative,INVALID,Mixed_feelings,INVALID,INVALID
231,heavy mass loading   katta waiting,Positive,0.0,Negative,Positive,INVALID,INVALID,INVALID,INVALID
232,രാജുവേട്ടാ... സുരാജേട്ടൻ മൊത്തത്തിൽ കൊണ്ട് പോകുമോ...  Rajuettan Surajettan,Positive,0.6268656716417911,Mixed_feelings,Mixed_feelings,INVALID,Mixed_feelings,INVALID,INVALID
233,Enta ikka polichu   Kidu item  Ethu polikkum,Positive,0.0,Mixed_feelings,Positive,INVALID,Mixed_feelings,INVALID,INVALID
234,Trailer കാണുന്നേ മുൻപേ like അടിച്ചവർ ഇവടെ കമോണ്,Positive,0.7317073170731707,Negative,Negative,INVALID,Mixed_feelings,INVALID,INVALID
235,കളിയാക്കുമെന്നു ഉറപ്പുണ്ടായിട്ടും ....ചെയ്യാൻ മനസ്സു കാണിച്ച ഇക്കാക് സല്യൂട്ട്...,Positive,0.9066666666666666,Mixed_feelings,Positive,INVALID,INVALID,INVALID,INVALID
236,ഒരു രക്ഷ ഇല്ലാ മച്ചാനെ. ഒരു രക്ഷ ഇല്ലാത്ത പടം. ഇനിയും കാണും തീയേറ്റർ ഇല് പോയി തന്നെ. shane മച്ചാനെ. നീ പോളിയാടാ . vibe പടം,Positive,0.8627450980392157,Negative,Mixed_feelings,INVALID,INVALID,INVALID,INVALID
237,ഇതൊക്കെ  കാണാൻ  അഭിക്കാ  ഉണ്ടായിരുന്നെങ്കിൽ.. ജീവിതത്തിൽ  ഏറ്റവും  കൂടുതൽ സന്തോഷിക്കുന്ന  നിമിഷംമായിരിക്കും... മനസിന്‌ ഒരുപാട് ടച്ച്‌ ചെയുന്ന  ഫീലിംഗ്  ഈ സോങ്ങിനുണ്ട്,Positive,0.951048951048951,Positive,Positive,INVALID,INVALID,INVALID,INVALID
238,ഈ ഓണം ഇട്ടിമാണി  കളർഫുൾ ആക്കും ട്ടാ..,Positive,0.9354838709677419,Positive,Positive,INVALID,Mixed_feelings,INVALID,INVALID
239,വെറും രാജുവും സുരാജുവും  ഇത്തവണ തീ പാറിക്കും.....,Positive,0.8837209302325582,Positive,Positive,INVALID,Mixed_feelings,INVALID,INVALID
240,Kayamkulam kochunnila nayakan lalettan allallo but kayyadi muzhuvanum kond poi...marana masss intro,Positive,0.0,Mixed_feelings,Mixed_feelings,INVALID,INVALID,INVALID,INVALID
241,ഈ സിനിമ ഒരു വിജയമാകട്ടെന്നു ആശംസിക്കുന്നു... all the best ചാക്കോച്ചൻ and team..,Positive,0.6811594202898551,Positive,Positive,INVALID,INVALID,INVALID,INVALID
242,Shammi hero aada🤣🤣🤣 ath poley ee padam pakka hit aada,Positive,0.0,Positive,Positive,INVALID,INVALID,INVALID,INVALID
243,അടിപൊളി  ദിലീപ്  ഏട്ടൻ  പൊള്ളിച്ചു,Positive,1.0,Positive,Positive,INVALID,Mixed_feelings,INVALID,INVALID
244,Adipoli FDFS thanne kaanum. Pulimurugan onnum ithite athra  varathilla. Katta waiting,Positive,0.0,Positive,Positive,INVALID,INVALID,INVALID,INVALID
245,ഹെവി.. ജോജുവേട്ടന് അടുത്തൊരു ബ്ലോക്ക്ബസ്റ്റർ ലോഡാവുന്നുണ്ട്,Positive,0.9636363636363636,Positive,Positive,INVALID,Mixed_feelings,INVALID,INVALID
246,Box office thukkiyadikke ready ayikkoo makkaleee,Positive,0.0,Positive,Positive,INVALID,INVALID,INVALID,INVALID
247,Joju vere level aayi Vanna varav  from thrissur,Positive,0.0,Positive,Positive,INVALID,INVALID,INVALID,INVALID
248,സ്വന്തമായി റെക്കോർഡ് ഇടുക അതു സ്വന്തമായി പൊട്ടിക്കുക.. ഒരു മര്യാദ ഒക്കെ വേണ്ടേ ലാലേട്ടാ..,Positive,0.9493670886075949,Negative,Negative,INVALID,Mixed_feelings,INVALID,INVALID
249,പ്രേമത്തിന് കണ്ണില്ല എന്ന് കാണിച്ചു തന്ന പടം,Positive,1.0,Positive,Positive,INVALID,Mixed_feelings,INVALID,INVALID
250,Nalla Padama Kandavar maathram like cheyyu,Positive,0.0,INVALID,Positive,INVALID,INVALID,INVALID,INVALID
